{
    "bottleneck_left": [
        0.5041812568964179,
        0.09185436015924689,
        0.48143709451847916,
        -0.9983786626178943,
        0.013449729176136651,
        -0.054892707858185244,
        0.006778011389003352
    ],
    "insert_left_start": [
        0.4403919321459484,
        0.13590248980406554,
        0.2979943428390542,
        0.9978532326588336,
        -0.015317602916491792,
        -0.06367029430183394,
        0.0006250893746947436 
    ],
    "grasp_right": [
        0.43659496613633575,
        -0.08752309864996513,
        0.2842337200395428,
        -0.9833114303089862,
        -0.015713750796300094,
        0.007591959731473601,
        0.18109133388167215
    ],
    "insert_left_end": [
        0.4403919321459484,
        0.10590248980406554,
        0.2979943428390542,
        0.9978532326588336,
        -0.015317602916491792,
        -0.06367029430183394,
        0.0006250893746947436 
    ]
}