{
    "bottleneck_left": [
      0.5041812568964179,
      0.09185436015924689,
      0.48143709451847916,
      -0.9983786626178943,
      0.013449729176136651,
      -0.054892707858185244,
      0.006778011389003352
  ],
    "bottleneck_right": [
      0.5329431807214543,
      -0.23440120550837626,
      0.46487699496824025,
      -0.9805945676315453,
      -0.04030389996510242,
      -0.01228235877075307,
      0.19146548838402241
  ],
    "push_left": [
      0.5017378883740709,
      0.020270010569139765,
      0.41184440519948384,
      0.9926511453427684,
      -0.09496529248203128,
      0.03481750400574058,
      0.06643070290387346 
  ],
    "release_right": [
      0.459016093596893,
      -0.04081474505222332,
      0.40475188565970427,
      -0.9804099923112288,
      -0.08854435673669482,
      0.04550226413387999,
      0.16995790015492573 
  ],
    "close_left_start": [
      0.3427454374034709,
      0.014403767203013935,
      0.47944451239420316,
      0.9992061462619872,
      -0.030913432227949664,
      -0.014191206350089644,
      0.020737565973024417
  ],
    "close_left_end": [
       0.4645554394898835,
       0.0035936175960262534,
       0.416017953715672,
       0.9906846735891736,
       0.08754416484425195,
       0.10409292572074012,
       0.006675292662644455
  ]
}
  