{
    "bottleneck_left": [
        0.5041812568964179,
        0.09185436015924689,
        0.48143709451847916,
        -0.9983786626178943,
        0.013449729176136651,
        -0.054892707858185244,
        0.006778011389003352
    ],
    "bottleneck_right": [
        0.494677593926487,
        -0.13398115854488373,
        0.379639611670317421,
        -0.9943035148839005,
        0.01699489712745371,
        0.010448577177212925,
        0.10470205822294058
    ],
    "grasp_left": [
        0.45931572361010736,
        0.06573992983923882,
        0.2858484408140383,
        0.9973796349171662,
        0.05747578692881908,
        0.0386939072948877,
        0.020812960089042848
    ],
    "grasp_right": [
        0.492955653926487,
        -0.11312450854488373,
        0.28185394586707374,
        -0.9943035148839005,
        0.01699489712745371,
        0.010448577177212925,
        0.10470205822294058
    ],
    "lift_left": [
        0.45931572361010736,
        0.15073992983923882,
        0.2858484408140383,
        0.9973796349171662,
        0.05747578692881908,
        0.0386939072948877,
        0.020812960089042848
    ]
}