{"x_data": [0.01819137025497344, 0.02590703204857337, 0.031603208970557704, 0.012341672432212701, 0.01592824917672009, 0.02094251843548835, 0.05642379909882765, -0.0006544295432516015, 0.032469037803472774, 0.010273132174160482, 0.012160202137853078, 0.020658234521603133, 0.011616615399910088, 0.004610935517338689, 0.00555104988512526, -0.026394070157548154, 0.01194257391835345, 0.024076751665865162, 0.009994622899425541, 0.006459586023979452, 0.025506003805456513, 0.021302576685563894, 0.018492013951386627, 0.023568518687989815, 0.018958518985958895, 0.012249033506904008, 0.018024998740637285, 0.016080031259301027, 0.033306303751879776, 0.003140873144195128, 0.008601623613963931, 0.02872024923460285, 0.017561415754460064, -0.0019505806704290737, 0.02495369105697873, 0.03834564709369045, 0.02501703636426778, 0.02723429084098195, -0.02620530618715752, -0.0015251290212332964, 0.03899836951481352, 0.025932797323866722, 0.008922482748000775, -0.0009526281888100601, 0.05818742464429959, 0.01625690770701593, 0.03065405178362409, 0.01196438750198367, 0.016361542921524502, 0.016050679264080846, 0.0007929885908409557, 0.04024807137088329, 0.03978828442834849, 0.01322200861973442, 3.253972746261949e-07, -0.0032975003929562076, 0.015243623712007694, 0.007757668217512901, 0.021159105230150636, 0.02622215448756868, 0.01026462876653876, 0.011118583245826989, -0.001588130712026601, 0.022471875858850535, 0.027821694786998277, 0.036222981386810724, -0.0008186682158941722, -0.0019440689904382507, 0.016889026659554576, 0.012040572025302544, 0.029950518208170407, -0.0006636863676555728, 0.014031432304206252, 0.030294507200287084, 0.012498264299799009, 0.051595406003018436, 0.023947842295151997, 0.040671400577037456, 0.01063492472257582, -0.015937300228868946, 0.00011497034527654243, -0.0081096272984823, 0.011652867086753614, 0.014819745308482644, 0.011624046190586742, 0.025146520225229896, 0.030935945286924615, 0.016746889466847457, 0.022913406922872227, 0.02384941370110425, -4.485903705606434e-05, -0.014521522654646228, 0.03646596996132495, 0.020618004112633877, 0.02454951763684624, 0.010900043860082347, 0.015573220052200942, -0.01295332339544642, -3.555161889895464e-05, 0.006806142663850363], "y_data": [1.6206946996272984, 1.3120424530241028, 1.728743947580306, 1.8018284003845442, 1.408386556114172, 0.9755813635596684, 1.1375460284288896, 2.1788718659254407, 2.288291282199045, 0.761838369065236, 1.6920040070496467, 1.569445852644605, 1.7544271622658805, 1.5810999890846105, 2.3664899490920357, 0.8703270930253032, 1.5876061677047018, 1.329603228682747, 1.449901849896397, 1.7361801113669555, 1.9184692189454478, 2.007309930919385, 1.4031299129180415, 1.3232080697830106, 1.725436428076985, 1.526495985174896, 1.1218916838993296, 1.8989804518413504, 1.497420935275616, 1.1014464954050598, 1.4049716288896275, 1.1314667239661511, 1.6507941221068971, 1.943141270551141, 1.7774600615501541, 1.1205519699971704, 1.939471211491244, 1.9086918768530308, 2.6033166790305513, 1.787515568964626, 1.2811161475410284, 1.4055401513684618, 1.071709406325394, 1.3351909478981923, 1.2453609965424186, 1.6739031238991648, 2.1970026788140853, 0.9420364216161305, 1.5743428517451818, 1.3858696626142342, 1.4321408681184917, 1.4215189143117672, 1.4475055284950988, 1.6139194354089421, 1.1091050600003365, 1.2357678356217416, 1.7327815243546492, 1.8307560048831606, 1.532733418330396, 1.8223921107307408, 1.7907396919852085, 1.6306321618018216, 1.5324842081331496, 1.5429649962235994, 1.9052254426988064, 1.4808429568322143, 1.0697840050199576, 1.5881679864442013, 0.9201523960683915, 1.1461482603177133, 1.2392886880466139, 1.5366338569483875, 1.8996331867573593, 1.3936414607071623, 1.3962043372621582, 2.345381598814917, 1.4361403391963345, 1.3730575418240925, 1.667509596324958, 1.2689563264893189, 1.7784525909456192, 1.3229827030906534, 1.7740440313270196, 1.0221638655277987, 1.5100650763876802, 1.6467839054085318, 1.2967246115896602, 1.2677219213898154, 1.4415897318828166, 1.7524819472150737, 2.8180956442452145, 1.3700979764846735, 1.7583249384487083, 2.1537260453355778, 1.474548556439337, 1.7801497648046176, 1.070286905371521, 1.7425612951092282, 2.048415396369375, 1.8329741347288506]}