{"x_data": [0.009852478285760038, 0.012408737940047864, 0.008991586646178476, 0.0014581587078428063, 0.0005906784281791012, 0.014816180645946858, 0.009513930300502548, 0.004397698079889941, 0.008542324042606896, 0.008984032949121392, 0.0005069416411895727, 0.009238045345095777, 0.011661039697404906, 0.007499225456314389, 0.016750523408202937, 0.009828910028987769, 0.010784056514878354, 0.01559777837369319, 0.012127963149739657, 0.010340795130239317, 0.00728273334934137, -0.0013436031074765264, 0.012320287463984319, 0.008474909916033398, 0.007215209937927762, 0.0069959632051634114, 0.0025045801931523758, 0.004144366592164991, 0.0028576362243526252, 0.007023433533036463, 0.008595985475721308, 0.0025079779675160575, -0.005330233547745579, 0.0076216720283157156, 0.010008846670222435, 0.011090324677893877, 0.007225778867375535, -0.0068492607986471755, 0.010412382237162624, 0.006715673190927396, 0.006320993731988931, -0.00025978895367464473, 0.01028584682618432, 0.007871994293637538, 0.007749964107818167, 0.007231031040420142, 0.009288588490242371, 0.007918601064495143, 0.008926072869806645, 0.002090932465899538, 0.00745231154195573, 0.010058779594998549, 0.008032866121162937, 0.010131572182405487, 0.010525328592951341, 0.010560617435853932, 0.0017143791337642035, 0.011535254695736833, 0.010018817427906234, 0.0010810771017076327, 0.008428237565378027, 0.008348619349069846, 0.001444118078937356, 0.008335386815062398, 0.012718537329487231, 0.012090073354334582, 0.010707279085402682, 0.010018047305030465, 0.008896232107671322, 0.009548014958952411, 0.00878347285381372, 0.009105328595802502, 0.009814220657806535, 0.009963513680476817, 0.010230156217404968, 0.009815376055576834, 0.009160301509173342, 0.010435674930310595, 0.0006002049584773979, 0.006300275292966409, 0.009165686661883348, 0.005674331245618131, 0.009518040900205804, 0.014813217892184035, 0.01132838400589571, -0.002084557272535835, 0.008382347568520665, 0.009730608200515408, 0.010657557647882444, 0.005323123042940215, 0.011793768440240363, 0.004176603014334496, 0.008212671767605087, 0.0073374136379087615, 0.01057268325609776, 0.0079484258910005, -0.0018026713789147575, 0.01027463784584856, 0.008701913055589176, 0.0009521266068418298], "y_data": [1.3536184953317287, 1.2405544750178976, 1.7618385435067576, 1.219358005538466, 1.1446072646992336, 1.552472583958497, 1.306407020146203, 1.2427796728102514, 1.0785137755770913, 1.238257029932282, 1.3866230463302451, 1.5934021930544084, 1.4488952202356222, 1.3428743335758506, 2.009088362113825, 1.04463445840965, 1.4060045617508679, 1.4700927623395228, 1.2821194150839161, 1.3816008888504134, 1.8630488802024683, 1.0893856037738263, 1.8492373647209417, 1.2843719339481972, 1.213318198728904, 1.1749154840909835, 1.0660706266282327, 0.9745192208004756, 1.3916421889572008, 1.1383241219081368, 1.2922516913229514, 1.2637519302335984, 0.7545119233132336, 0.9892845210270453, 1.2237352107803332, 1.276128920270314, 1.0625355874140514, 1.3432581780263257, 1.1486849090271027, 1.1935590795157094, 1.2944803938024203, 0.9504006287224681, 1.2712305722217587, 1.1589269399580218, 1.2909913476371953, 1.4964288303969924, 1.1469442164958337, 1.273415823330658, 1.2374039003565, 1.1769079933972768, 1.515325671776017, 1.7092284061222836, 1.3607496503107117, 1.2896032899698417, 1.3765727498297782, 1.273841350819849, 1.3808567925855408, 1.344921971405537, 1.487162724837239, 0.9746196159418771, 1.256275255066009, 1.1708989481887673, 1.2549982048460446, 1.545155272399923, 1.3172622755296108, 1.4362062956649209, 1.3477504222912147, 1.3884884532345159, 1.2944969139286282, 1.1109060295976732, 1.2210085060497244, 1.1777598239598754, 1.19608611164058, 1.4022011235450818, 1.699238558933249, 1.1483180372159232, 1.6620959894455296, 1.4409696913083285, 1.0479789411394613, 1.3639041987605556, 1.4646609347483261, 1.1520724423798183, 1.1613619798252206, 1.6226954413881585, 1.3920527693878948, 0.8720437540554143, 1.2511424299351264, 1.2064383276720996, 1.5378634726365883, 1.2742779651437899, 1.4918108497434146, 1.3292955575578111, 1.2059534355545007, 1.147101184040048, 1.3457132966840428, 1.4454893636311845, 1.123495751530496, 1.7232161536463146, 1.3078151669020197, 1.473773307331263]}