{"x_data": [0.00443495998988837, 0.00443495998988837, 0.00443495998988837, 0.00443495998988837, 0.00443495998988837, 0.00443495998988837, 0.00443495998988837, 0.00443495998988837, 0.00443495998988837, 0.00443495998988837, 0.00443495998988837, 0.00443495998988837, 0.00443495998988837, 0.00443495998988837, 0.00443495998988837, 0.00443495998988837, 0.00443495998988837, 0.00443495998988837, 0.00443495998988837, 0.00443495998988837, 0.00443495998988837, 0.00443495998988837, 0.00443495998988837, 0.00443495998988837, 0.00443495998988837, 0.00443495998988837, 0.00443495998988837, 0.00443495998988837, 0.00443495998988837, 0.00443495998988837, 0.00443495998988837, 0.00443495998988837, 0.00443495998988837, 0.00443495998988837, 0.00443495998988837, 0.00443495998988837, 0.00443495998988837, 0.00443495998988837, 0.00443495998988837, 0.00443495998988837, 0.00443495998988837, 0.00443495998988837, 0.00443495998988837, 0.00443495998988837, 0.00443495998988837, 0.00443495998988837, 0.00443495998988837, 0.00443495998988837, 0.00443495998988837, 0.00443495998988837, 0.00443495998988837, 0.00443495998988837, 0.00443495998988837, 0.00443495998988837, 0.00443495998988837, 0.00443495998988837, 0.00443495998988837, 0.00443495998988837, 0.00443495998988837, 0.00443495998988837, 0.00443495998988837, 0.00443495998988837, 0.00443495998988837, 0.00443495998988837, 0.00443495998988837, 0.00443495998988837, 0.00443495998988837, 0.00443495998988837, 0.00443495998988837, 0.00443495998988837, 0.00443495998988837, 0.00443495998988837, 0.00443495998988837, 0.00443495998988837, 0.00443495998988837, 0.00443495998988837, 0.00443495998988837, 0.00443495998988837, 0.00443495998988837, 0.00443495998988837, 0.00443495998988837, 0.00443495998988837, 0.00443495998988837, 0.00443495998988837, 0.00443495998988837, 0.00443495998988837, 0.00443495998988837, 0.00443495998988837, 0.00443495998988837, 0.00443495998988837, 0.00443495998988837, 0.00443495998988837, 0.00443495998988837, 0.00443495998988837, 0.00443495998988837, 0.00443495998988837, 0.00443495998988837, 0.00443495998988837, 0.00443495998988837, 0.00443495998988837], "y_data": [1.5027109818789814, 1.5027109818789814, 1.5027109818789814, 1.5027109818789814, 1.5027109818789814, 1.5027109818789814, 1.5027109818789814, 1.5027109818789814, 1.5027109818789814, 1.5027109818789814, 1.5027109818789814, 1.5027109818789814, 1.5027109818789814, 1.5027109818789814, 1.5027109818789814, 1.5027109818789814, 1.5027109818789814, 1.5027109818789814, 1.5027109818789814, 1.5027109818789814, 1.5027109818789814, 1.5027109818789814, 1.5027109818789814, 1.5027109818789814, 1.5027109818789814, 1.5027109818789814, 1.5027109818789814, 1.5027109818789814, 1.5027109818789814, 1.5027109818789814, 1.5027109818789814, 1.5027109818789814, 1.5027109818789814, 1.5027109818789814, 1.5027109818789814, 1.5027109818789814, 1.5027109818789814, 1.5027109818789814, 1.5027109818789814, 1.5027109818789814, 1.5027109818789814, 1.5027109818789814, 1.5027109818789814, 1.5027109818789814, 1.5027109818789814, 1.5027109818789814, 1.5027109818789814, 1.5027109818789814, 1.5027109818789814, 1.5027109818789814, 1.5027109818789814, 1.5027109818789814, 1.5027109818789814, 1.5027109818789814, 1.5027109818789814, 1.5027109818789814, 1.5027109818789814, 1.5027109818789814, 1.5027109818789814, 1.5027109818789814, 1.5027109818789814, 1.5027109818789814, 1.5027109818789814, 1.5027109818789814, 1.5027109818789814, 1.5027109818789814, 1.5027109818789814, 1.5027109818789814, 1.5027109818789814, 1.5027109818789814, 1.5027109818789814, 1.5027109818789814, 1.5027109818789814, 1.5027109818789814, 1.5027109818789814, 1.5027109818789814, 1.5027109818789814, 1.5027109818789814, 1.5027109818789814, 1.5027109818789814, 1.5027109818789814, 1.5027109818789814, 1.5027109818789814, 1.5027109818789814, 1.5027109818789814, 1.5027109818789814, 1.5027109818789814, 1.5027109818789814, 1.5027109818789814, 1.5027109818789814, 1.5027109818789814, 1.5027109818789814, 1.5027109818789814, 1.5027109818789814, 1.5027109818789814, 1.5027109818789814, 1.5027109818789814, 1.5027109818789814, 1.5027109818789814, 1.5027109818789814]}