{
    "bottleneck_left": [
        0.5041812568964179,
        0.09185436015924689,
        0.48143709451847916,
        -0.9983786626178943,
        0.013449729176136651,
        -0.054892707858185244,
        0.006778011389003352
    ],
    "bottleneck_right": [
        0.49349562093277527,
        -0.20686428692760578,
        0.4196836324630228,
        -0.9836049002481769,
        -0.08057538550013925,
        0.04566162506985597,
        0.15473856486105061
    ],
    "grasp_left": [
        0.42623103625742786,
        0.13872960564399717,
        0.27559708553956225,
        0.9846627911502053,
        0.024882891026348643,
        0.030072392761240473,
        0.17004611331069006
    
    ],
    "grasp_right": [
        0.42819736781124257,
        -0.08370958283433079,
        0.2624462965181176,
        -0.9582640946067904,
        0.047531939606997184,
        -0.010217417056248224,
        0.28172015208948675
    ],
    "lift_left": [
        0.42623103625742786,
        0.13872960564399717,
        0.37559708553956225,
        0.9846627911502053,
        0.024882891026348643,
        0.030072392761240473,
        0.17004611331069006
    ],
    "lift_right": [
        0.42819736781124257,
        -0.08370958283433079,
        0.3624462965181176,
        -0.9582640946067904,
        0.047531939606997184,
        -0.010217417056248224,
        0.28172015208948675
    ],
    "close_left": [
        0.42623103625742786,
        0.06872960564399717,
        0.37559708553956225,
        0.9846627911502053,
        0.024882891026348643,
        0.030072392761240473,
        0.17004611331069006
    ],
    "close_right": [
        0.42819736781124257,
        -0.05370958283433079,
        0.3624462965181176,
        -0.9582640946067904,
        0.047531939606997184,
        -0.010217417056248224,
        0.28172015208948675
    ]
}