{
    "start": {
        "position": {
            "x": 0.37569364072211847,
            "y": 0.15604071247386805,
            "z": 0.24954663886436484
        },
        "orientation": {
            "x": 0.9324422136326349,
            "y": -0.024225348210191323,
            "z": -0.025230113276913574,
            "w": 0.35962215188166713
        }
    },
    "end": {
        "position": {
            "x": 0.38689095172730587,
            "y": 0.19562937346923803,
            "z": 0.3609688358525836
        },
        "orientation": {
            "x": 0.9949727229948301,
            "y": -0.02259452964142862,
            "z": -0.03233670925423332,
            "w": 0.09204947018393518
        }
    }
}