{
    "bottleneck_left": {
      "x": 0.40478858783062377,
      "y": 0.0822375992134779,
      "z": 0.5579262664335177,
      "rx": -0.9996890672397254,
      "ry": 0.001056533957927872,
      "rz": 0.020941860640910196,
      "rw": 0.01349411168845638
    },
    "bottleneck_right": {
      "x": 0.5329431807214543,
      "y": -0.23440120550837626,
      "z": 0.46487699496824025,
      "rx": -0.9805945676315453,
      "ry": -0.04030389996510242,
      "rz": -0.01228235877075307,
      "rw": 0.19146548838402241
    }
  }
  