{
    "bottleneck_left": [
      0.40478858783062377,
      0.0822375992134779,
      0.5579262664335177,
      -0.9996890672397254,
      0.001056533957927872,
      0.020941860640910196,
      0.01349411168845638
  ],
    "bottleneck_right": [
      0.5329431807214543,
      -0.23440120550837626,
      0.46487699496824025,
      -0.9805945676315453,
      -0.04030389996510242,
      -0.01228235877075307,
      0.19146548838402241
  ],
  "grasp_left": [
      0.3942699968903538,
      0.10932386737208159,
      0.3461344794241349,
      0.9878462476621214,
      0.0020249385540891856,
      0.041857843620528766,
      0.14967836026346082
  ],
  "grasp_right": [
      0.5193457093326665,
      -0.08409990962682674,
      0.34498188379588934, 
      -0.987295321692457,
      -0.08079432296180206,
      -0.028641795936027073,
      0.13379040573557813
  ],
  "lift_left": [
    0.3942699968903538,
    0.10932386737208159,
    0.4461344794241349,
    0.9878462476621214,
    0.0020249385540891856,
    0.041857843620528766,
    0.14967836026346082
  ],
  "lift_right": [
    0.5193457093326665,
    -0.08409990962682674,
    0.4498188379588934, 
    -0.987295321692457,
    -0.08079432296180206,
    -0.028641795936027073,
    0.13379040573557813
  ]
}
  