{
    "bottleneck_left": [
      0.5041812568964179,
      0.09185436015924689,
      0.48143709451847916,
      -0.9983786626178943,
      0.013449729176136651,
      -0.054892707858185244,
      0.006778011389003352
  ],
    "bottleneck_right": [
      0.51585203,
      -0.11098086,
      0.44123784,
      -0.987295321692457,
      -0.08079432296180206,
      -0.028641795936027073,
      0.13379040573557813
  ],
  "grasp_left": [
      0.3942699968903538,
      0.10932386737208159,
      0.3461344794241349,
      0.9878462476621214,
      0.0020249385540891856,
      0.041857843620528766,
      0.14967836026346082
  ],
  "grasp_right": [
      0.5193457093326665,
      -0.08409990962682674,
      0.34498188379588934, 
      -0.987295321692457,
      -0.08079432296180206,
      -0.028641795936027073,
      0.13379040573557813
  ],
  "lift_left": [
      0.3942699968903538,
      0.10932386737208159,
      0.4261344794241349,
      0.9878462476621214,
      0.0020249385540891856,
      0.041857843620528766,
      0.14967836026346082
  ],
  "lift_right": [
      0.5193457093326665,
      -0.08409990962682674,
      0.4298188379588934, 
      -0.987295321692457,
      -0.08079432296180206,
      -0.028641795936027073,
      0.13379040573557813
  ]
}
  