{
    "bottleneck_left": [
        0.5041812568964179,
        0.09185436015924689,
        0.48143709451847916,
        -0.9983786626178943,
        0.013449729176136651,
        -0.054892707858185244,
        0.006778011389003352
    ],
    "bottleneck_right": [
        0.49349562093277527,
        -0.20686428692760578,
        0.4196836324630228,
        -0.9836049002481769,
        -0.08057538550013925,
        0.04566162506985597,
        0.15473856486105061
    ],
    "grasp_left": [
        0.45431572361010736,
        0.05573992983923882,
        0.2888484408140383,
        0.9973796349171662,
        0.05747578692881908,
        0.0386939072948877,
        0.020812960089042848
    ],
    "grasp_right": [
        0.487955653926487,
        -0.09312450854488373,
        0.28185394586707374,
        -0.9943035148839005,
        0.01699489712745371,
        0.010448577177212925,
        0.10470205822294058
    ],
    "lift_left": [
        0.45431572361010736,
        0.14573992983923882,
        0.2888484408140383,
        0.9973796349171662,
        0.05747578692881908,
        0.0386939072948877,
        0.020812960089042848
    ]
}